{
  "train": {
    "mae_1d": 0.009273113755604611,
    "mae_2d": 0.011507706113032356,
    "mae_3d": 0.012726396482675385,
    "mae_4d": 0.014633929685661592,
    "mae_5d": 0.015223130292960307,
    "mae_6d": 0.015738447816576927,
    "mae_7d": 0.016334251145012715,
    "mae_8d": 0.017002398798904566,
    "mae_9d": 0.017522393205720778,
    "mae_10d": 0.01758493457427002,
    "mae_11d": 0.018520381334575828,
    "mae_12d": 0.0186430875781441,
    "mae_13d": 0.019537951247565695,
    "mae_14d": 0.0195480384734323,
    "mae_15d": 0.019800325451117616,
    "mae_16d": 0.019166950118071912,
    "mae_17d": 0.01804854613109934,
    "mae_18d": 0.018457816172449314,
    "mae_19d": 0.01899089413165644,
    "mae_20d": 0.01808533868814574,
    "mae_mean": 0.016817301559833873
  },
  "val": {
    "mae_1d": NaN,
    "mae_2d": NaN,
    "mae_3d": NaN,
    "mae_4d": NaN,
    "mae_5d": NaN,
    "mae_6d": NaN,
    "mae_7d": NaN,
    "mae_8d": NaN,
    "mae_9d": NaN,
    "mae_10d": NaN,
    "mae_11d": NaN,
    "mae_12d": NaN,
    "mae_13d": NaN,
    "mae_14d": NaN,
    "mae_15d": NaN,
    "mae_16d": NaN,
    "mae_17d": NaN,
    "mae_18d": NaN,
    "mae_19d": NaN,
    "mae_20d": NaN,
    "mae_mean": NaN
  },
  "test": {
    "mae_1d": NaN,
    "mae_2d": NaN,
    "mae_3d": NaN,
    "mae_4d": NaN,
    "mae_5d": NaN,
    "mae_6d": NaN,
    "mae_7d": NaN,
    "mae_8d": NaN,
    "mae_9d": NaN,
    "mae_10d": NaN,
    "mae_11d": NaN,
    "mae_12d": NaN,
    "mae_13d": NaN,
    "mae_14d": NaN,
    "mae_15d": NaN,
    "mae_16d": NaN,
    "mae_17d": NaN,
    "mae_18d": NaN,
    "mae_19d": NaN,
    "mae_20d": NaN,
    "mae_mean": NaN
  }
}