{
  "train": {
    "mae_1d": 0.01837615449198197,
    "mae_20d": 0.08543530436780043,
    "brier_1d": 0.262218669973467,
    "brier_20d": 0.2521684197124934,
    "da_1d": 0.5008962234995983,
    "da_20d": 0.513010692873478
  },
  "val": {
    "mae_1d": 0.013631834867736609,
    "mae_20d": 0.06208657468214124,
    "brier_1d": 0.25727752573154106,
    "brier_20d": 0.2473863380291202,
    "da_1d": 0.5056212164889017,
    "da_20d": 0.5413663880080715
  },
  "test": {
    "mae_1d": 0.020728207563115886,
    "mae_20d": 0.09607166002553283,
    "brier_1d": 0.2627872286698234,
    "brier_20d": 0.2559479755031194,
    "da_1d": 0.5172910662824207,
    "da_20d": 0.49279538904899134
  }
}