{
  "train": {
    "mae_1d": 0.018376154491981964,
    "mae_20d": 0.08543530436780042,
    "brier_1d": 0.2622186699734669,
    "brier_20d": 0.2521684197124934,
    "da_1d": 0.5008962234995983,
    "da_20d": 0.513010692873478
  },
  "val": {
    "mae_1d": 0.013631834867736602,
    "mae_20d": 0.06208657468214123,
    "brier_1d": 0.25727752573154106,
    "brier_20d": 0.24738633802912022,
    "da_1d": 0.5056212164889017,
    "da_20d": 0.5413663880080715
  },
  "test": {
    "mae_1d": 0.020728207563115886,
    "mae_20d": 0.09607166002553282,
    "brier_1d": 0.26278722866982335,
    "brier_20d": 0.2559479755031193,
    "da_1d": 0.5172910662824207,
    "da_20d": 0.49279538904899134
  }
}